{"name":"5d892255-1c86-42ea-bdce-98738c1bb041","id":"/providers/Microsoft.Flow/flows/5d892255-1c86-42ea-bdce-98738c1bb041","type":"Microsoft.Flow/flows","properties":{"apiId":"/providers/Microsoft.PowerApps/apis/shared_logicflows","displayName":"M2 - Lab 1 - Use Approval Flows to send and manage approvals","definition":{"metadata":{"workflowEntityId":null,"flowclientsuspensionreason":"None","flowclientsuspensiontime":null,"creator":{"id":"95720b13-6e8e-4a7b-b1bd-ed89fdf3b0b2","type":"User","tenantId":"c3a65a06-7d09-424f-be63-3c62cde2dcd5"},"provisioningMethod":"FromDefinition","failureAlertSubscription":true,"clientLastModifiedTime":"2020-11-11T07:32:29.7368479Z"},"$schema":"https://schema.management.azure.com/providers/Microsoft.Logic/schemas/2016-06-01/workflowdefinition.json#","contentVersion":"1.0.0.0","parameters":{"$connections":{"defaultValue":{},"type":"Object"},"$authentication":{"defaultValue":{},"type":"SecureObject"}},"triggers":{"When_an_item_is_created":{"recurrence":{"frequency":"Minute","interval":5},"splitOn":"@triggerOutputs()?['body/value']","type":"OpenApiConnection","inputs":{"host":{"apiId":"/providers/Microsoft.PowerApps/apis/shared_sharepointonline","connectionName":"shared_sharepointonline","operationId":"GetOnNewItems"},"parameters":{"dataset":"https://floworkshop.sharepoint.com/sites/FlowTraining","table":"f39c05f8-237c-4c0e-b37b-ab242c1fb415"},"authentication":"@parameters('$authentication')"}}},"actions":{"Start_and_wait_for_an_approval":{"runAfter":{},"type":"OpenApiConnectionWebhook","inputs":{"host":{"apiId":"/providers/Microsoft.PowerApps/apis/shared_approvals","connectionName":"shared_approvals","operationId":"StartAndWaitForAnApproval"},"parameters":{"approvalType":"Basic","WebhookApprovalCreationInput/title":"Please review: @{triggerOutputs()?['body/Title']}","WebhookApprovalCreationInput/assignedTo":"admin@floworkshop.onmicrosoft.com;","WebhookApprovalCreationInput/details":"@{triggerOutputs()?['body/Author/DisplayName']} as @{triggerOutputs()?['body/Created']}","WebhookApprovalCreationInput/itemLink":"@triggerOutputs()?['body/{Link}']","WebhookApprovalCreationInput/itemLinkDescription":"@triggerOutputs()?['body/{Name}']","WebhookApprovalCreationInput/enableNotifications":true,"WebhookApprovalCreationInput/enableReassignment":true},"authentication":"@parameters('$authentication')"}},"Condition":{"actions":{"Apply_to_each":{"foreach":"@outputs('Start_and_wait_for_an_approval')?['body/responses']","actions":{"Send_an_email_(V2)":{"runAfter":{},"type":"OpenApiConnection","inputs":{"host":{"apiId":"/providers/Microsoft.PowerApps/apis/shared_office365","connectionName":"shared_office365","operationId":"SendEmailV2"},"parameters":{"emailMessage/To":"@triggerOutputs()?['body/Author/Email']","emailMessage/Subject":"@{triggerOutputs()?['body/Title']} is approved","emailMessage/Body":"<p>Your request for @{triggerOutputs()?['body/Title']} has been approved by @{items('Apply_to_each')?['responder/displayName']}. <br>\n<br>\nComments if any @{items('Apply_to_each')?['comments']}</p>"},"authentication":"@parameters('$authentication')"}}},"runAfter":{},"type":"Foreach"}},"runAfter":{"Start_and_wait_for_an_approval":["Succeeded"]},"else":{"actions":{"Apply_to_each_2":{"foreach":"@outputs('Start_and_wait_for_an_approval')?['body/responses']","actions":{"Send_an_email_(V2)_2":{"runAfter":{},"type":"OpenApiConnection","inputs":{"host":{"apiId":"/providers/Microsoft.PowerApps/apis/shared_office365","connectionName":"shared_office365","operationId":"SendEmailV2"},"parameters":{"emailMessage/To":"@triggerOutputs()?['body/Author/Email']","emailMessage/Subject":"@{triggerOutputs()?['body/Title']} is rejected","emailMessage/Body":"<p>Your request for @{triggerOutputs()?['body/Title']} has been rejected by .@{items('Apply_to_each_2')?['responder/displayName']}<br>\n<br>\nComments if any @{items('Apply_to_each_2')?['comments']}</p>"},"authentication":"@parameters('$authentication')"}}},"runAfter":{},"type":"Foreach"}}},"expression":{"equals":["@outputs('Start_and_wait_for_an_approval')?['body/outcome']","Approve"]},"type":"If"}}},"connectionReferences":{"shared_approvals":{"connectionName":"shared-approvals-94dabdd2-39b9-4d55-87ed-e704-7b5e806c","source":"Embedded","id":"/providers/Microsoft.PowerApps/apis/shared_approvals","tier":"NotSpecified"},"shared_office365":{"connectionName":"shared-office365-3020e76e-7980-4f42-a306-201d-9a8e0912","source":"Embedded","id":"/providers/Microsoft.PowerApps/apis/shared_office365","tier":"NotSpecified"},"shared_sharepointonline":{"connectionName":"7b18055e89ab47a39892fdb158cbc2be","source":"Embedded","id":"/providers/Microsoft.PowerApps/apis/shared_sharepointonline","tier":"NotSpecified"}},"flowFailureAlertSubscribed":false}}