{"name":"4e3e9af1-cbdb-4c64-8185-73e6c2a9cc70","id":"/providers/Microsoft.Flow/flows/4e3e9af1-cbdb-4c64-8185-73e6c2a9cc70","type":"Microsoft.Flow/flows","properties":{"apiId":"/providers/Microsoft.PowerApps/apis/shared_logicflows","displayName":"M4 - Lab 2 - PowerApp Car Rating","definition":{"metadata":{"workflowEntityId":null,"flowclientsuspensionreason":"None","flowclientsuspensiontime":null,"creator":{"id":"95720b13-6e8e-4a7b-b1bd-ed89fdf3b0b2","type":"User","tenantId":"c3a65a06-7d09-424f-be63-3c62cde2dcd5"},"provisioningMethod":"FromDefinition","failureAlertSubscription":true,"clientLastModifiedTime":"2020-11-11T13:13:57.5125856Z"},"$schema":"https://schema.management.azure.com/providers/Microsoft.Logic/schemas/2016-06-01/workflowdefinition.json#","contentVersion":"1.0.0.0","parameters":{"$authentication":{"defaultValue":{},"type":"SecureObject"}},"triggers":{"manual":{"type":"Request","kind":"PowerApp","inputs":{"schema":{"type":"object","properties":{"ComposeCarBrand_Inputs":{"type":"any","description":"Inputs","x-ms-powerflows-param-ispartial":false}},"required":["ComposeCarBrand_Inputs"]}}}},"actions":{"Initialize_variable":{"runAfter":{},"type":"InitializeVariable","inputs":{"variables":[{"name":"Rating","type":"string"}]}},"Compose_Car_Brand":{"runAfter":{"Initialize_variable":["Succeeded"]},"type":"Compose","inputs":"@triggerBody()['ComposeCarBrand_Inputs']"},"Switch":{"runAfter":{"Compose_Car_Brand":["Succeeded"]},"cases":{"Case":{"case":"BMW","actions":{"Set_variable":{"runAfter":{},"type":"SetVariable","inputs":{"name":"Rating","value":"EXCELLENT"}}}}},"default":{"actions":{"Set_variable_2":{"runAfter":{},"type":"SetVariable","inputs":{"name":"Rating","value":"OK"}}}},"expression":"@outputs('Compose_Car_Brand')","type":"Switch"},"Respond_to_a_PowerApp_or_flow":{"runAfter":{"Switch":["Succeeded"]},"type":"Response","kind":"PowerApp","inputs":{"statusCode":200,"body":{"rating":"@variables('Rating')"},"schema":{"type":"object","properties":{"rating":{"title":"Rating","x-ms-dynamically-added":true,"type":"string"}}}}}}},"connectionReferences":{},"flowFailureAlertSubscribed":false}}