{"name":"c52dc6ef-e0c8-47b9-b680-9fd25bd44718","id":"/providers/Microsoft.Flow/flows/c52dc6ef-e0c8-47b9-b680-9fd25bd44718","type":"Microsoft.Flow/flows","properties":{"apiId":"/providers/Microsoft.PowerApps/apis/shared_logicflows","displayName":"Post a message to Microsoft Teams for a selected item","definition":{"metadata":{"workflowEntityId":null,"flowclientsuspensionreason":"None","flowclientsuspensiontime":null,"creator":{"id":"95720b13-6e8e-4a7b-b1bd-ed89fdf3b0b2","type":"User","tenantId":"c3a65a06-7d09-424f-be63-3c62cde2dcd5"},"provisioningMethod":"FromDefinition","failureAlertSubscription":true,"clientLastModifiedTime":"2020-11-09T12:27:16.9507647Z"},"$schema":"https://schema.management.azure.com/providers/Microsoft.Logic/schemas/2016-06-01/workflowdefinition.json#","contentVersion":"1.0.0.0","parameters":{"$connections":{"defaultValue":{},"type":"Object"},"$authentication":{"defaultValue":{},"type":"SecureObject"},"sharepoint.site":{"defaultValue":"","type":"String"},"sharepoint.list":{"defaultValue":"","type":"String"},"teams.group":{"defaultValue":"","type":"String"},"teams.channel":{"defaultValue":"","type":"String"}},"triggers":{"manual":{"splitOn":"@triggerBody()['rows']","type":"Request","kind":"ApiConnection","inputs":{"schema":{"type":"object","properties":{"rows":{"type":"array","items":{"type":"object","properties":{"text":{"type":"string","x-ms-dynamically-added":true,"description":"Message to send to channel","x-ms-content-hint":"TEXT","title":"Message"},"entity":{"type":"object","properties":{"ID":{"type":"integer"}},"required":["ID"]}},"required":["text","entity"]}}},"required":["rows"]},"host":{"api":{"runtimeUrl":"https://europe-002.azure-apim.net/apim/sharepointonline"},"connection":{"name":"@parameters('$connections')['shared_sharepointonline']['connectionId']"}},"operationId":"GetOnNewItems","parameters":{"dataset":"https://floworkshop.sharepoint.com/sites/FlowTraining","table":"3ef0aa58-2d6d-43eb-a480-fadcfa545a03"}}}},"actions":{"Get_item":{"runAfter":{},"metadata":{"flowSystemMetadata":{"swaggerOperationId":"GetItem"}},"type":"ApiConnection","inputs":{"host":{"api":{"runtimeUrl":"https://europe-002.azure-apim.net/apim/sharepointonline"},"connection":{"name":"@json(decodeBase64(triggerOutputs().headers['X-MS-APIM-Tokens']))['$connections']['shared_sharepointonline']['connectionId']"}},"method":"get","path":"/datasets/@{encodeURIComponent(encodeURIComponent('https://floworkshop.sharepoint.com/sites/FlowTraining'))}/tables/@{encodeURIComponent(encodeURIComponent('3ef0aa58-2d6d-43eb-a480-fadcfa545a03'))}/items/@{encodeURIComponent(triggerBody()?['entity']?['ID'])}","authentication":{"type":"Raw","value":"@json(decodeBase64(triggerOutputs().headers['X-MS-APIM-Tokens']))['$ConnectionKey']"}}},"Post_message":{"runAfter":{"Get_item":["Succeeded"]},"metadata":{"flowSystemMetadata":{"swaggerOperationId":"PostMessageToChannel"}},"type":"ApiConnection","inputs":{"host":{"api":{"runtimeUrl":"https://europe-002.azure-apim.net/apim/teams"},"connection":{"name":"@json(decodeBase64(triggerOutputs().headers['X-MS-APIM-Tokens']))['$connections']['shared_teams']['connectionId']"}},"method":"post","body":{"rootMessage":{"body":{"content":"@{triggerBody()['text']} <a href=\"@{replace(body('Get_item')?['{Link}'],' ','%20')}\">@{body('Get_item')?['{Name}']}</a>","contentType":1}}},"path":"/beta/groups/@{encodeURIComponent('2530bc48-1f45-41e5-aea3-583c62944743')}/channels/@{encodeURIComponent('19:e864f8641d554db1a3ad14b1d265b828@thread.tacv2')}/chatThreads","authentication":{"type":"Raw","value":"@json(decodeBase64(triggerOutputs().headers['X-MS-APIM-Tokens']))['$ConnectionKey']"}}}},"outputs":{},"description":"Post a message to Microsoft Teams with a link to the selected item. To run this flow, select an item and choose this flow from the Flow menu."},"connectionReferences":{"shared_sharepointonline":{"connectionName":"7b18055e89ab47a39892fdb158cbc2be","source":"Invoker","id":"/providers/Microsoft.PowerApps/apis/shared_sharepointonline","tier":"NotSpecified"},"shared_teams":{"connectionName":"shared-teams-3f6c94fa-e9b3-44ef-b7e2-4d29-7bbaaef8","source":"Invoker","id":"/providers/Microsoft.PowerApps/apis/shared_teams","tier":"NotSpecified"}},"flowFailureAlertSubscribed":false}}