{"name":"68d727b1-0fd8-42f3-9e68-ef42aa2af0d8","id":"/providers/Microsoft.Flow/flows/68d727b1-0fd8-42f3-9e68-ef42aa2af0d8","type":"Microsoft.Flow/flows","properties":{"apiId":"/providers/Microsoft.PowerApps/apis/shared_logicflows","displayName":"M2 - Lab 3 - Approval vs Email with Options","definition":{"metadata":{"workflowEntityId":null,"flowclientsuspensionreason":"None","flowclientsuspensiontime":null,"creator":{"id":"95720b13-6e8e-4a7b-b1bd-ed89fdf3b0b2","type":"User","tenantId":"c3a65a06-7d09-424f-be63-3c62cde2dcd5"},"provisioningMethod":"FromDefinition","failureAlertSubscription":true,"clientLastModifiedTime":"2020-11-11T07:20:02.4217963Z"},"$schema":"https://schema.management.azure.com/providers/Microsoft.Logic/schemas/2016-06-01/workflowdefinition.json#","contentVersion":"1.0.0.0","parameters":{"$connections":{"defaultValue":{},"type":"Object"},"$authentication":{"defaultValue":{},"type":"SecureObject"}},"triggers":{"manual":{"type":"Request","kind":"Button","inputs":{"schema":{"type":"object","properties":{},"required":[]}}}},"actions":{"Start_and_wait_for_an_approval":{"runAfter":{},"type":"OpenApiConnectionWebhook","inputs":{"host":{"apiId":"/providers/Microsoft.PowerApps/apis/shared_approvals","connectionName":"shared_approvals","operationId":"StartAndWaitForAnApproval"},"parameters":{"approvalType":"Basic","WebhookApprovalCreationInput/title":"Approval","WebhookApprovalCreationInput/assignedTo":"admin@floworkshop.onmicrosoft.com;","WebhookApprovalCreationInput/details":"# This is a H1 header  -  Please Approve\n## This is a H2 header\n \n- Item 1\n- Item 2\n- Item 3\n Link: [Microsoft Flow](https://flow.microsoft.com)","WebhookApprovalCreationInput/itemLink":"https://floworkshop.sharepoint.com/sites/FlowTraining/Shared%20Documents/DeptHome.jpg","WebhookApprovalCreationInput/itemLinkDescription":"Picture of a house","WebhookApprovalCreationInput/enableNotifications":true,"WebhookApprovalCreationInput/enableReassignment":true},"authentication":{"value":"@json(decodeBase64(triggerOutputs().headers['X-MS-APIM-Tokens']))['$ConnectionKey']","type":"Raw"}}},"Send_email_with_options":{"runAfter":{"Start_and_wait_for_an_approval":["Succeeded"]},"type":"OpenApiConnectionWebhook","inputs":{"host":{"apiId":"/providers/Microsoft.PowerApps/apis/shared_office365","connectionName":"shared_office365","operationId":"SendMailWithOptions"},"parameters":{"optionsEmailSubscription/Message/To":"admin@floworkshop.onmicrosoft.com","optionsEmailSubscription/Message/Subject":"Approval 2","optionsEmailSubscription/Message/Options":"Approve, Reject","optionsEmailSubscription/Message/Body":"<h1>This is H1 header</h1></br>\n<h2>This is H2 header</h2></br>\n</br>\nBody text\n</br>\nlink : <a href='https://flow.microsoft.com'>Microsoft Flow</a>\n</br>\nResize Picture: \n</br>\n<img src=\"https://floworkshop.sharepoint.com/sites/FlowTraining/Shared%20Documents/DeptHome.jpg\" alt=\"Hoverover text\" style=\"width:200px;height:120px;\"></br>\n","optionsEmailSubscription/Message/Importance":"Normal","optionsEmailSubscription/Message/UseOnlyHTMLMessage":true,"optionsEmailSubscription/Message/HideHTMLMessage":false,"optionsEmailSubscription/Message/ShowHTMLConfirmationDialog":false},"authentication":{"value":"@json(decodeBase64(triggerOutputs().headers['X-MS-APIM-Tokens']))['$ConnectionKey']","type":"Raw"}}}}},"connectionReferences":{"shared_approvals":{"connectionName":"shared-approvals-94dabdd2-39b9-4d55-87ed-e704-7b5e806c","source":"Invoker","id":"/providers/Microsoft.PowerApps/apis/shared_approvals","tier":"NotSpecified"},"shared_office365":{"connectionName":"shared-office365-3020e76e-7980-4f42-a306-201d-9a8e0912","source":"Invoker","id":"/providers/Microsoft.PowerApps/apis/shared_office365","tier":"NotSpecified"}},"flowFailureAlertSubscribed":false}}