{"name":"0fed0d81-31ed-4496-ba2d-7a4b760b517c","id":"/providers/Microsoft.Flow/flows/0fed0d81-31ed-4496-ba2d-7a4b760b517c","type":"Microsoft.Flow/flows","properties":{"apiId":"/providers/Microsoft.PowerApps/apis/shared_logicflows","displayName":"M4 - Lab 1 - Start Flow when Form is submitted","definition":{"metadata":{"workflowEntityId":null,"flowclientsuspensionreason":"None","flowclientsuspensiontime":null,"creator":{"id":"95720b13-6e8e-4a7b-b1bd-ed89fdf3b0b2","type":"User","tenantId":"c3a65a06-7d09-424f-be63-3c62cde2dcd5"},"provisioningMethod":"FromDefinition","failureAlertSubscription":true,"clientLastModifiedTime":"2020-11-11T20:51:33.4289945Z"},"$schema":"https://schema.management.azure.com/providers/Microsoft.Logic/schemas/2016-06-01/workflowdefinition.json#","contentVersion":"1.0.0.0","parameters":{"$connections":{"defaultValue":{},"type":"Object"},"$authentication":{"defaultValue":{},"type":"SecureObject"}},"triggers":{"When_a_new_response_is_submitted":{"splitOn":"@triggerOutputs()?['body/value']","type":"OpenApiConnectionWebhook","inputs":{"host":{"apiId":"/providers/Microsoft.PowerApps/apis/shared_microsoftforms","connectionName":"shared_microsoftforms","operationId":"CreateFormWebhook"},"parameters":{"form_id":"Blqmwwl9T0K-YzxizeLc1RMLcpWObntKsb3tif3zsLJUQkdUSkZCSkpWT0VDTFozOENEVkY4Slk5NC4u"},"authentication":"@parameters('$authentication')"}}},"actions":{"Get_response_details":{"runAfter":{},"type":"OpenApiConnection","inputs":{"host":{"apiId":"/providers/Microsoft.PowerApps/apis/shared_microsoftforms","connectionName":"shared_microsoftforms","operationId":"GetFormResponseById"},"parameters":{"form_id":"Blqmwwl9T0K-YzxizeLc1RMLcpWObntKsb3tif3zsLJUQkdUSkZCSkpWT0VDTFozOENEVkY4Slk5NC4u","response_id":"@triggerOutputs()?['body/resourceData/responseId']"},"authentication":"@parameters('$authentication')"}},"Parse_JSON":{"runAfter":{"Create_item":["Succeeded"]},"type":"ParseJson","inputs":{"content":"@outputs('Get_response_details')?['body/r1532c40d5f04423fbd91987bc681b7e1']","schema":{"type":"array","items":{"type":"object","properties":{"name":{"type":"string"},"link":{"type":"string"},"id":{"type":"string"}}}}}},"Apply_to_each":{"foreach":"@body('Parse_JSON')","actions":{"Get_file_content":{"runAfter":{},"type":"OpenApiConnection","inputs":{"host":{"apiId":"/providers/Microsoft.PowerApps/apis/shared_onedriveforbusiness","connectionName":"shared_onedriveforbusiness","operationId":"GetFileContent"},"parameters":{"id":"@items('Apply_to_each')['id']","inferContentType":true},"authentication":"@parameters('$authentication')"}},"Add_attachment":{"runAfter":{"Get_file_content":["Succeeded"]},"type":"OpenApiConnection","inputs":{"host":{"apiId":"/providers/Microsoft.PowerApps/apis/shared_sharepointonline","connectionName":"shared_sharepointonline","operationId":"CreateAttachment"},"parameters":{"dataset":"https://floworkshop.sharepoint.com/sites/FlowTraining","table":"64e6cb83-dfbe-4fd4-b52d-a191647e1cf2","itemId":"@outputs('Create_item')?['body/ID']","displayName":"@items('Apply_to_each')['name']","body":"@outputs('Get_file_content')?['body']"},"authentication":"@parameters('$authentication')"}}},"runAfter":{"Parse_JSON":["Succeeded"]},"type":"Foreach"},"Create_item":{"runAfter":{"Get_response_details":["Succeeded"]},"type":"OpenApiConnection","inputs":{"host":{"apiId":"/providers/Microsoft.PowerApps/apis/shared_sharepointonline","connectionName":"shared_sharepointonline","operationId":"PostItem"},"parameters":{"dataset":"https://floworkshop.sharepoint.com/sites/FlowTraining","table":"64e6cb83-dfbe-4fd4-b52d-a191647e1cf2","item/Title":"@outputs('Get_response_details')?['body/responder']","item/Question":"@outputs('Get_response_details')?['body/r72e1c603cb1b44ed90114c9f1bbc44d5']","item/Submission_x0020_Time":"@outputs('Get_response_details')?['body/submitDate']"},"authentication":"@parameters('$authentication')"}}}},"connectionReferences":{"shared_microsoftforms":{"connectionName":"shared-microsoftform-f59cb3b4-f926-461b-abad-ce7a-4a5c3944","source":"Embedded","id":"/providers/Microsoft.PowerApps/apis/shared_microsoftforms","tier":"NotSpecified"},"shared_onedriveforbusiness":{"connectionName":"shared-onedriveforbu-71a69728-cd60-40ca-b2a4-05fb-888da8f5","source":"Embedded","id":"/providers/Microsoft.PowerApps/apis/shared_onedriveforbusiness","tier":"NotSpecified"},"shared_sharepointonline":{"connectionName":"7b18055e89ab47a39892fdb158cbc2be","source":"Embedded","id":"/providers/Microsoft.PowerApps/apis/shared_sharepointonline","tier":"NotSpecified"}},"flowFailureAlertSubscribed":false}}