{"name":"ce11b856-d32a-4e1a-bf7c-71d79076a8c0","id":"/providers/Microsoft.Flow/flows/ce11b856-d32a-4e1a-bf7c-71d79076a8c0","type":"Microsoft.Flow/flows","properties":{"apiId":"/providers/Microsoft.PowerApps/apis/shared_logicflows","displayName":"M3 - Lab 4 - Copy files","definition":{"metadata":{"workflowEntityId":null,"flowclientsuspensionreason":"None","flowclientsuspensiontime":null,"creator":{"id":"95720b13-6e8e-4a7b-b1bd-ed89fdf3b0b2","type":"User","tenantId":"c3a65a06-7d09-424f-be63-3c62cde2dcd5"},"provisioningMethod":"FromDefinition","failureAlertSubscription":true,"clientLastModifiedTime":"2020-11-11T08:14:11.303212Z"},"$schema":"https://schema.management.azure.com/providers/Microsoft.Logic/schemas/2016-06-01/workflowdefinition.json#","contentVersion":"1.0.0.0","parameters":{"$connections":{"defaultValue":{},"type":"Object"},"$authentication":{"defaultValue":{},"type":"SecureObject"}},"triggers":{"manual":{"type":"Request","kind":"Button","inputs":{"schema":{"type":"object","properties":{},"required":[]}}}},"actions":{"Get_files_(properties_only)":{"runAfter":{},"type":"OpenApiConnection","inputs":{"host":{"apiId":"/providers/Microsoft.PowerApps/apis/shared_sharepointonline","connectionName":"shared_sharepointonline","operationId":"GetFileItems"},"parameters":{"dataset":"https://floworkshop.sharepoint.com/sites/FlowTraining","table":"55950768-5afe-4f65-9fef-f7fb18379e51","folderPath":"/","viewScopeOption":"Default"},"authentication":{"value":"@json(decodeBase64(triggerOutputs().headers['X-MS-APIM-Tokens']))['$ConnectionKey']","type":"Raw"}}},"Apply_to_each":{"foreach":"@outputs('Get_files_(properties_only)')?['body/value']","actions":{"Condition":{"actions":{"Copy_file":{"runAfter":{},"type":"OpenApiConnection","inputs":{"host":{"apiId":"/providers/Microsoft.PowerApps/apis/shared_sharepointonline","connectionName":"shared_sharepointonline","operationId":"CopyFileAsync"},"parameters":{"dataset":"https://floworkshop.sharepoint.com/sites/FlowTraining","parameters/sourceFileId":"@items('Apply_to_each')?['{Identifier}']","parameters/destinationDataset":"https://floworkshop.sharepoint.com/sites/FlowTraining","parameters/destinationFolderPath":"/CopyDocuments","parameters/nameConflictBehavior":1},"authentication":{"value":"@json(decodeBase64(triggerOutputs().headers['X-MS-APIM-Tokens']))['$ConnectionKey']","type":"Raw"}}}},"runAfter":{},"expression":{"equals":["@items('Apply_to_each')?['{IsFolder}']",false]},"type":"If"}},"runAfter":{"Get_files_(properties_only)":["Succeeded"]},"type":"Foreach"}}},"connectionReferences":{"shared_sharepointonline":{"connectionName":"7b18055e89ab47a39892fdb158cbc2be","source":"Invoker","id":"/providers/Microsoft.PowerApps/apis/shared_sharepointonline","tier":"NotSpecified"}},"flowFailureAlertSubscribed":false}}