{"schemaVersion":"1.0","appDefinitionTemplate":{"id":"/providers/Microsoft.PowerApps/apps/","type":"Microsoft.PowerApps/apps","tags":{"primaryDeviceWidth":"1366","primaryDeviceHeight":"768","sienaVersion":"3edbebe2-f6a8-4069-b9c8-dc73b3f55d0e","deviceCapabilities":"","supportsPortrait":"false","supportsLandscape":"true","primaryFormFactor":"Tablet","publisherVersion":"3.20104.33","minimumRequiredApiVersion":"2.2.0","hasComponent":"false","hasUnlockedComponent":"false","isUnifiedRootApp":"false"},"properties":{"appVersion":"2020-11-11T12:31:17Z","lifeCycleId":"Published","createdByClientVersion":{"major":3,"minor":20104,"build":33,"revision":0,"majorRevision":0,"minorRevision":0},"minClientVersion":{"major":3,"minor":20104,"build":33,"revision":0,"majorRevision":0,"minorRevision":0},"backgroundColor":"rgba(0, 176, 240, 1)","backgroundImageUri":"/17926368995721398769/N0e1aed71-6347-4573-8f58-000a3915aab0-logoSmallFile","displayName":"Car Rating App","description":"","commitMessage":"","appUris":{"documentUri":{"value":"/17926368995721398769/N6f49345c-703f-4cf7-a6da-659f571d2acc-document.msapp","readonlyValue":"/17926368995721398769/N6f49345c-703f-4cf7-a6da-659f571d2acc-document.msapp"},"imageUris":[]},"createdTime":"0001-01-01T00:00:00Z","lastModifiedTime":"0001-01-01T00:00:00Z","sharedGroupsCount":0,"sharedUsersCount":0,"icons":{"smallIconUri":"/17926368995721398769/N3013d3bf-c9b2-48bb-a7f9-acf0d5b8c625-small.png","mediumIconUri":"/17926368995721398769/Nb19d2574-7af4-410e-94ba-a700089b0d8d-medium.png","largeIconUri":"/17926368995721398769/Na8b1b7b1-abf3-4215-ba45-db3dee639547-large.png","wideIconUri":"/17926368995721398769/N1844db43-d7c6-4891-aa17-d2c86e5c79da-wide.png"},"connectionReferences":{"404d3848-cb18-4c24-a43c-588a9dfe256a":{"id":"da89b57d-fd0a-4eb4-b796-7b6007c3c284","displayName":"Logic flows","iconUri":"https://resourcestackdeploy.blob.core.windows.net/scripts/13276078.png","dataSources":["PowerAppCarRating"],"dependencies":[],"dependents":[],"parameterHints":{"workflowName":{"value":"e18c9304-1cc3-42c7-8e5a-6740b0c68769"}},"isOnPremiseConnection":false,"dataSets":{},"apiTier":"Standard","isCustomApiConnection":false,"actions":["Run"]}},"databaseReferences":{},"almMode":"Environment","performanceOptimizationEnabled":true,"canConsumeAppPass":true,"executionRestrictions":{"isTeamsOnly":false,"dataLossPreventionEvaluationResult":{"status":"Compliant","lastEvaluationDate":"2020-11-11T12:31:27.9283313Z","violationDetails":[]}}},"isAppComponentLibrary":false,"appType":"ClassicCanvasApp","appComponents":[]}}