{"name":"e589fdef-c287-4ab1-a810-173e36461577","id":"/providers/Microsoft.Flow/flows/e589fdef-c287-4ab1-a810-173e36461577","type":"Microsoft.Flow/flows","properties":{"apiId":"/providers/Microsoft.PowerApps/apis/shared_logicflows","displayName":"M2 - Lab2 - Use HTML option in mail actions (SharePoint)","definition":{"metadata":{"workflowEntityId":null,"flowclientsuspensionreason":"None","flowclientsuspensiontime":null,"creator":{"id":"95720b13-6e8e-4a7b-b1bd-ed89fdf3b0b2","type":"User","tenantId":"c3a65a06-7d09-424f-be63-3c62cde2dcd5"},"provisioningMethod":"FromDefinition","failureAlertSubscription":true,"clientLastModifiedTime":"2020-11-11T07:36:19.2906866Z"},"$schema":"https://schema.management.azure.com/providers/Microsoft.Logic/schemas/2016-06-01/workflowdefinition.json#","contentVersion":"1.0.0.0","parameters":{"$connections":{"defaultValue":{},"type":"Object"},"$authentication":{"defaultValue":{},"type":"SecureObject"}},"triggers":{"When_an_item_is_created":{"recurrence":{"frequency":"Minute","interval":5},"splitOn":"@triggerOutputs()?['body/value']","type":"OpenApiConnection","inputs":{"host":{"apiId":"/providers/Microsoft.PowerApps/apis/shared_sharepointonline","connectionName":"shared_sharepointonline","operationId":"GetOnNewItems"},"parameters":{"dataset":"https://floworkshop.sharepoint.com/sites/FlowTraining","table":"Documents"},"authentication":"@parameters('$authentication')"}}},"actions":{"Send_an_email_(V2)":{"runAfter":{},"type":"OpenApiConnection","inputs":{"host":{"apiId":"/providers/Microsoft.PowerApps/apis/shared_office365","connectionName":"shared_office365","operationId":"SendEmailV2"},"parameters":{"emailMessage/To":"admin@floworkshop.onmicrosoft.com","emailMessage/Subject":"HTML email from SharePoint","emailMessage/Body":"<p><br>\nDear @{triggerOutputs()?['body/Author/DisplayName']}</br>\nHere is the document you created: </br>\nTitle: @{triggerOutputs()?['body/{Name}']} </br>\nCreated: @{triggerOutputs()?['body/Created']}\n</br></br>\nLink to file: <a href=\"@{triggerOutputs()?['body/{Link}']}\" alt=\"@{triggerOutputs()?['body/{Name}']}\">@{triggerOutputs()?['body/{Name}']}</a>\n</p>"},"authentication":"@parameters('$authentication')"}}}},"connectionReferences":{"shared_office365":{"connectionName":"shared-office365-3020e76e-7980-4f42-a306-201d-9a8e0912","source":"Embedded","id":"/providers/Microsoft.PowerApps/apis/shared_office365","tier":"NotSpecified"},"shared_sharepointonline":{"connectionName":"7b18055e89ab47a39892fdb158cbc2be","source":"Embedded","id":"/providers/Microsoft.PowerApps/apis/shared_sharepointonline","tier":"NotSpecified"}},"flowFailureAlertSubscribed":false}}